{
  "WorkItem": {
    "AffectedComponent": {
      "Name": "",
      "DisplayName": ""
    },
    "ClosedComment": "Thanks. I fixed the url - it should be https://github.com/lowleveldesign/diagnostics-tools.",
    "ClosedDate": "2017-04-01T06:45:57.413-07:00",
    "CommentCount": 0,
    "Custom": null,
    "Description": "Not found  https://github.com/lowleveldesign/dotnet-tools",
    "LastUpdatedDate": "2017-04-01T06:45:57.413-07:00",
    "PlannedForRelease": "",
    "ReleaseVisibleToPublic": false,
    "Priority": {
      "Name": "Unassigned",
      "Severity": 0,
      "Id": 0
    },
    "ProjectName": "diagnettoolkit",
    "ReportedDate": "2016-10-28T14:11:52.09-07:00",
    "Status": {
      "Name": "Closed",
      "Id": 4
    },
    "ReasonClosed": {
      "Name": "Unassigned"
    },
    "Summary": " https://github.com/lowleveldesign/dotnet-tools",
    "Type": {
      "Name": "Unassigned",
      "Id": 5
    },
    "VoteCount": 1,
    "Id": 1
  },
  "FileAttachments": [],
  "Comments": []
}