[
  {
    "Id": "0",
    "Name": "Debugging HelpBelt",
    "DevelopmentStatus": "Alpha",
    "Description": "A very simple VS plugin for controlling symbols loading settings. More information can be found in this post: [url:http://lowleveldesign.wordpress.com/2014/06/18/reference-source-dotpeek-and-source-code-debugging]",
    "ReleasedDatge": "0001-01-01T00:00:00",
    "ModifiedDate": "2014-06-18T11:56:11.777-07:00",
    "Files": [
      {
        "Id": "9e31cef9-a29a-4af6-a87c-a67a3b247f21",
        "FileName": "DebuggerHelpbelt.vsix",
        "Url": "./0/9e31cef9-a29a-4af6-a87c-a67a3b247f21",
        "Type": "Application",
        "UploadDate": "2014-06-18T11:56:11.433-07:00"
      }
    ]
  },
  {
    "Id": "1",
    "Name": "MSMQ tools",
    "DevelopmentStatus": "Stable",
    "Description": "Three tools that will help you move MSMQ messages between computers:\n\nMessageDumper – downloads and removes messages from queue\nMessagePeeker – downloads but does not remove messages from queue\nMessagePusher – sends collected messages to a given queue\n\nMore information can be found on my blog: [url:http://lowleveldesign.wordpress.com/2014/04/06/msmq-helper-tools]",
    "ReleasedDatge": "0001-01-01T00:00:00",
    "ModifiedDate": "2014-04-05T21:40:34.857-07:00",
    "Files": [
      {
        "Id": "e8de4c2d-de43-4a38-a611-bb4e38542bac",
        "FileName": "msmq-tools.zip",
        "Url": "./1/e8de4c2d-de43-4a38-a611-bb4e38542bac",
        "Type": "Application",
        "UploadDate": "2014-04-05T21:40:34.623-07:00"
      }
    ]
  },
  {
    "Id": "2",
    "Name": "MDbg Inject plugin",
    "DevelopmentStatus": "Stable",
    "Description": "This MDbg plugin allows you to inject code into a debugged application. You simply create a .NET assembly (with Main method containg code you would like to execute within other process), call {{inject <your-assembly-path>}} inside your MDbg session and detach from the debuggee. More information can be found on  [url:my blog|http://wp.me/p10FJf-mv]",
    "ReleasedDatge": "0001-01-01T00:00:00",
    "ModifiedDate": "2013-12-28T07:00:05.423-08:00",
    "Files": [
      {
        "Id": "b83cc567-9303-4503-a298-f22e406cff87",
        "FileName": "mdbg_inject_x64.zip",
        "Url": "./2/b83cc567-9303-4503-a298-f22e406cff87",
        "Type": "Application",
        "UploadDate": "2013-12-28T07:00:05.16-08:00"
      },
      {
        "Id": "3665ed2b-ecef-4cc8-8244-0905d49dda75",
        "FileName": "mdbg_inject_x86.zip",
        "Url": "./2/3665ed2b-ecef-4cc8-8244-0905d49dda75",
        "Type": "Application",
        "UploadDate": "2013-12-28T07:00:05.207-08:00"
      }
    ]
  },
  {
    "Id": "3",
    "Name": "Process Governer",
    "DevelopmentStatus": "Stable",
    "Description": "A tool used to limit process memory usage, more information on my blog: [url:http://lowleveldesign.wordpress.com/2013/11/21/set-process-memory-limit-with-process-governor]",
    "ReleasedDatge": "0001-01-01T00:00:00",
    "ModifiedDate": "2014-02-14T14:08:06.72-08:00",
    "Files": [
      {
        "Id": "62e6d098-8c56-4f83-95f4-b20e148b14b9",
        "FileName": "process-governor.zip",
        "Url": "./3/62e6d098-8c56-4f83-95f4-b20e148b14b9",
        "Type": "Application",
        "UploadDate": "2014-02-14T14:08:06.3-08:00"
      }
    ]
  },
  {
    "Id": "4",
    "Name": "ElmahLogViewer",
    "DevelopmentStatus": "Stable",
    "Description": "It's a small web application that can show Elmah logs from different applications. It's a sample I described on my blog: http://lowleveldesign.wordpress.com/2013/03/24/elmah-axd-log-viewer-for-multiple-apps/. To access the exception list open the /elmah.axd?app=<your-app-name> .",
    "ReleasedDatge": "0001-01-01T00:00:00",
    "ModifiedDate": "2013-03-23T23:18:49.557-07:00",
    "Files": [
      {
        "Id": "fd452f75-4a67-4efa-82fa-10759643fcb1",
        "FileName": "ElmahLogViewer.zip",
        "Url": "./4/fd452f75-4a67-4efa-82fa-10759643fcb1",
        "Type": "Source Code",
        "UploadDate": "2013-03-23T23:18:49.357-07:00"
      }
    ]
  },
  {
    "Id": "5",
    "Name": "Frontman",
    "DevelopmentStatus": "Stable",
    "Description": "Contains frontman binaries. Please go to home page to find some documentation.",
    "ReleasedDatge": "0001-01-01T00:00:00",
    "ModifiedDate": "2013-01-28T21:27:24.007-08:00",
    "Files": [
      {
        "Id": "0c90db87-f855-4f44-9e3e-db9b58af6f6b",
        "FileName": "frontman.zip",
        "Url": "./5/0c90db87-f855-4f44-9e3e-db9b58af6f6b",
        "Type": "Application",
        "UploadDate": "2013-01-28T21:27:23.773-08:00"
      }
    ]
  },
  {
    "Id": "6",
    "Name": "Musketeer Service",
    "DevelopmentStatus": "Stable",
    "Description": "Contains the Musketeer service binaries + scripts to create its database.",
    "ReleasedDatge": "0001-01-01T00:00:00",
    "ModifiedDate": "2012-10-21T06:07:22.79-07:00",
    "Files": [
      {
        "Id": "a100bb12-061a-470c-86ae-7a7f3fa13348",
        "FileName": "Musketeer.zip",
        "Url": "./6/a100bb12-061a-470c-86ae-7a7f3fa13348",
        "Type": "Application",
        "UploadDate": "2012-10-21T06:07:22.46-07:00"
      }
    ]
  },
  {
    "Id": "7",
    "Name": "AdoNetTraceReader",
    "DevelopmentStatus": "Stable",
    "Description": "Contains AdoNetTraceReader.exe + scripts needed to setup and run ADO.NET traces.",
    "ReleasedDatge": "0001-01-01T00:00:00",
    "ModifiedDate": "2012-09-07T10:31:30.36-07:00",
    "Files": [
      {
        "Id": "62ff9780-ddc7-4c55-bd37-223a908cedc8",
        "FileName": "AdoNetTraceReader.zip",
        "Url": "./7/62ff9780-ddc7-4c55-bd37-223a908cedc8",
        "Type": "Application",
        "UploadDate": "2012-09-07T10:09:26.367-07:00"
      }
    ]
  }
]